Time,Control,EGTA
0,100,100
1,81.47533376,97.97
3,61.15135281,70.57040926
6,48.79286612,46.35963456
12,29.8184453,28.91769304
24,16.77023972,21.00446419
48,14.46045238,15.21921229
