Name,Particle size (nm),HD_60,Concentration (mg/l),pH,y_pred
Ca_0,10,19.4,6.72,8,0.091043
Ca_02,10,19.8,6.72,8,0.091043
Ca_05,10,20.4,6.72,8,0.091043
Ca_1,10,675.4,6.72,8,0.10632
Ca_2,10,1561.1,6.72,8,0.13162
